Title (headline),Link,SEO Focus keyphrase,Categories (articleSection),Tags (keywords),Audience,Summary (description),Language,Notes
Predictive Modeling in Manufacturing: PLS vs PCA,https://www.dataparc.com/blog/predictive-modeling-in-manufacturing-pls-vs-pca/,predictive modeling in manufacturing,Data Visualization,Process Manufacturing,,"Predictive modeling in manufacturing is used to identify process issues before they occur - preventing unplanned downtime, reducing waste, &amp; improving efficiency.",English,
Deviation Analysis in Process Manufacturing,https://www.dataparc.com/blog/deviation-analysis-process-manufacturing/,deviation analysis,Data Visualization/Historian Data/Process Manufacturing/Troubleshooting & Analysis,,,"Deviation analysis is a routine form of troublehsooting performed at process manufacturing facilities around the world. When speed is imperative, a robust deviation detection system, along with a good process for analyzing the resulting data, is essential for solving problems quickly.",English,
Tech Terms Part II,https://www.dataparc.com/blog/tech-terms-part-ii/,,Process Manufacturing,Process Manufacturing,,,English,
Five Reasons You Should Attend The 2018 dataPARC User Conference,https://www.dataparc.com/blog/5-reasons-you-should-attend-the-2018-dataparc-user-conference/,,Process Manufacturing,Process Manufacturing,,,English,
Soft Sensors In The Process Industry,https://www.dataparc.com/blog/soft-sensors-in-the-process-industry/,soft sensors in the process industry,Process Manufacturing,Process Manufacturing,,,English,
Advantages Of A Plant-Wide Information System,https://www.dataparc.com/blog/advantages-plant-wide-information-system/,,Historian Data,Process Manufacturing,,,English,
What Makes A Great User Interface?,https://www.dataparc.com/blog/makes-great-user-interface/,,Data Visualization,Data Visualization,,,English,
The 2017 dataPARC User Conference Was A Networking And Learning Success Story,https://www.dataparc.com/blog/2017-dataparc-user-conference-networking-learning-success-story/,,Events,Data Visualization/Events/Process Manufacturing,,,English,
Version 5.5.2.1 – Get The Scoop On This Minor Release,https://www.dataparc.com/blog/version-5-5-2-2-get-scoop-changes/,,Process Manufacturing,Process Manufacturing,,,English,
Why We’re Implementing The OPC UA Spec. &#8211; And How It Will Benefit Our Customers,https://www.dataparc.com/blog/why-were-implementing-the-opc-ua-spec/,,News,News,,,English,
OPC UA: A Framework For The Industrial Internet of Things,https://www.dataparc.com/blog/opc-ua-enabling-the-industrial-internet-of-things/,,News,Process Manufacturing,,,English,
Using Process Displays For Troubleshooting,https://www.dataparc.com/blog/using-process-displays-for-troubleshooting/,using process displays for troubleshooting,Dashboards & Displays,Dashboards & Displays/Data Visualization/Process Manufacturing/Troubleshooting & Analysis,,"A lot of time and effort goes into the construction of the HMI screens and other display screens that are used to monitor and control production processes, so it is worth giving some time and thought to their layout and design. The most important consideration when using process displays for troubleshooting is how they can convey the most useful information in a timely manner to their intended audience.",English,
Convince Your Boss To Send You To PARCtraining: 4 Strategies That Will Work,https://www.dataparc.com/blog/convince-your-boss-to-send-you-to-parctraining-4-strategies-that-will-work/,,Training,Dashboards & Displays/Data Visualization/Process Manufacturing/Training/Troubleshooting & Analysis,,,English,
Benefits Of Calculated Variables In Process Manufacturing Analysis,https://www.dataparc.com/blog/benefits-of-calculated-variables-in-process-manufacturing-analysis/,calculated variables in process manufacturing,Process Manufacturing,Process Manufacturing,,,English,
"Static, Live Or Dynamic – Which Report Is Best?",https://www.dataparc.com/blog/static-live-dynamic-report-best/,,Process Manufacturing,Process Manufacturing,,,English,
Five Reasons You Should Attend dataPARC’s Virtual Conference,https://www.dataparc.com/blog/five-reasons-you-should-attend-dataparcs-virtual-conference/,,Events,,,,English,
Covid-19: How to Support Manufacturing Operations Remotely,https://www.dataparc.com/blog/covid-19-support-manufacturing-operations-remotely/,Remote Manufacturing,Dashboards & Displays/Data Visualization/News,,,Can the right set of tools support a realistic approach to overseeing remote manufacturing operations? Many companies are already relying on remote engineering support for their daily work to accomplish important company goals. Here are some of the overall challenges of remote manufacturing.,English,
Data Analysis Basics: Uncovering the Impact of Covid-19,https://www.dataparc.com/blog/data-analysis-basics-uncovering-impact-covid-19/,,Data Visualization,,,,English,
dataPARC &#8211; Intuitive Powerful and Connected,https://www.dataparc.com/blog/dataparc-intuitive-powerful-and-connected/,,Data Visualization,,,,English,
How To Get Your dataPARC Training Approved &#8211; Four Strategies That Will Work,https://www.dataparc.com/blog/how-to-get-your-dataparc-training-approved-four-strategies-that-will-work/,,Dashboards & Displays/Data Visualization/Process Manufacturing/Training,Data Visualization/Process Manufacturing,,,English,
2018 dataPARC User Conference – A Recap,https://www.dataparc.com/blog/2017-dataparc-user-conference-networking-learning-success-story-copy/,,Events,Data Visualization/Events/Process Manufacturing,,,English,
データヒストリアンにとって優れた可視化ソフトウェアとは?,https://www.dataparc.com/ja/blog/what-makes-good-visualization-software-for-data-historians/,データヒストリアンに対する可視化ソフトウェア,データの可視化,,,製造プロセスデータの保存と分析には、多くの様々なシステムを使用できます。その中の主なシステムがデータヒストリアンです。しかし、データヒストリアンにとって優れた可視化ソフトウェアとは何でしょうか。,Japanese,
品質管理でのパレートチャートの使用,https://www.dataparc.com/ja/blog/using-pareto-charts-for-quality-control/,,データ可視化／プロセス製造,,,,Japanese,
管理図を使用して製造品質を向上する方法,https://www.dataparc.com/ja/blog/how-to-use-control-charts-to-improve-manufacturing-quality/,管理図を使用して製造品質を向上する方法,データ可視化／プロセス製造,,,,Japanese,
プロセスエンジニアリングソフトウェア: 素晴らしく役に立つ13のツール,https://www.dataparc.com/ja/blog/process-engineering-software/,プロセスエンジニアリングソフトウェア,データ可視化／プロセス製造／トラブルシューティングと分析,,,プロセスエンジニアは、様々な理由で日々ソフトウェアを使用しています。この記事では、一般的なタイプのプロセスエンジニアリングソフトウェアを調査し、すべてのプロセスエンジニアが知っておくべき強力なソフトウェアアプリケーションにスポットを当てます。,Japanese,
データヒストリアン: 製造データの正しい保存先,https://www.dataparc.com/ja/blog/data-historian-still-the-right-choice-for-your-manufacturing-data/,データヒストリアン,ダッシュボード＆ディスプレイ/データ可視化/プロセス製造/トラブルシューティング＆分析,,,確立された運用データヒストリアンと最新のオープンソースプラットフォームは、どちらも立ち止まることなく進化してビジネスに新たな価値をもたらしていますが、データヒストリアンプラットフォームに現在組み込まれている専門領域の知識を見逃してはいけません。,Japanese,
Control Station and dataPARC Announce Partnership to Improve Data Utilization and Plant Efficiency,https://www.dataparc.com/blog/control-station-and-dataparc-announce-partnership/,Improve Data Utilization,Historian Data/News,,,"By integrating dataPARC&#039;s cutting-edge historian with Control Station&#039;s PlantESP Software, plants can now seamlessly improve data utilization.",English,
Human-Machine Interfaces For Process Industries,https://www.dataparc.com/blog/human-machine-interfaces-for-process-industries/,,Dashboards & Displays/Data Visualization/Process Manufacturing,Process Manufacturing,,,English,
Real-Time Gap Tracking Systems for Manufacturing,https://www.dataparc.com/blog/real-time-gap-tracking/,gap tracking,Dashboards & Displays/Data Visualization/Process Manufacturing/Troubleshooting & Analysis,,,Minimize manufacturing gaps such as operational cost or waste by performing a gap analysis with process data. In this article we will walk through the steps of a basic manufacturing gap analysis.,English,
Time-Series Database vs. Relational Database vs. Data Lake,https://www.dataparc.com/blog/time-series-database-vs-relational-database-vs-data-lake/,Time-Series Database vs. Relational Database vs. Data Lake,Dashboards & Displays/Data Visualization/Process Manufacturing/Troubleshooting & Analysis,,,"The most important differences between relational databases, time-series databases, and data lakes and other data sources are the ability to handle time-stamped process data and ensure data integrity.",English,
dataPARC Introduces AWS and Azure-Compatible Data Historian Platform for Advanced Industrial Applications and Cloud AI/ML Integration,https://www.dataparc.com/blog/dataparc-introduces-aws-and-azure-compatible-data-historian-platform-for-advanced-industrial-applications-and-cloud-ai-ml-integration/,,Historian Data/News,,,,English,
A Guide To Reporting And Notifications With A Data Historian,https://www.dataparc.com/blog/reporting-notifications-data-historian/,,Process Manufacturing,Process Manufacturing,,,English,
15 Manufacturing Acronyms You Should Know,https://www.dataparc.com/blog/15-manufacturing-acronyms-you-should-already-know/,Manufacturing Acronyms,Data Visualization/Process Manufacturing,Process Manufacturing,,"Manufacturing acronyms hold the key to streamlining processes, boosting efficiency, and staying competitive in the industry. So, whether you&#039;re a seasoned manufacturing pro or just starting your journey, mastering these manufacturing acronyms is a must.",English,
Benefits Of Calculated Variables,https://www.dataparc.com/blog/benefits-calculated-variables/,,Process Manufacturing,Process Manufacturing,,,English,
Developing Effective Manufacturing Operations Management Systems,https://www.dataparc.com/blog/developing-effective-manufacturing-operations-management-systems/,manufacturing operations management systems,Dashboards & Displays/Data Visualization/Process Manufacturing/Troubleshooting & Analysis,,,Manufacturing Operations Management systems provide manufacturers with a &quot;single source of truth&quot; by integrating the wide variety of tools and systems used to manage the production process from end-to-end.,English,
dataPARC Wins 2023 Breakthrough Product Award for its Cutting Edge Data Historian,https://www.dataparc.com/blog/2023-breakthrough-product-award/,,Historian Data/News,,,"dataPARC has been honored with the prestigious 2023 Breakthrough Product Award, as announced by Processing Magazine.",English,
流程制造业中的偏差分析,https://www.dataparc.com/zh/blog/deviation-analysis-process-manufacturing/,偏差分析,数据可视化/历史数据/流程制造/故障排除与分析,,,偏差分析是全球各地流程制造设施进行的一种常规故障排除形式。当速度至关重要时，强大的偏差检测系统以及对结果数据进行良好分析的流程对于快速解决问题至关重要。,Chinese,
制造业的能源管理：监测能耗,https://www.dataparc.com/zh/blog/energy-management-manufacturing-monitoring-consumption/,制造业的能源管理,流程制造,流程制造,,,Chinese,
공정 알람 관리 모범 사례,https://www.dataparc.com/ko/blog/best-practices-for-process-alarm-management/,공정 알람 관리,데이터 시각화,공정 제조,,적절한 공정 알람 관리는 신중한 계획이 필요하며 제어 시스템의 전반적인 효율성에 큰 영향을 미칩니다.,Korean,
过程报警管理最佳实践,https://www.dataparc.com/zh/blog/best-practices-for-process-alarm-management/,过程报警管理,数据可视化,流程制造,,恰当的过程报警管理需要仔细规划，对控制系统的整体效能有着重大影响。,Chinese,
데이터 히스토리안에 적합한 시각화 소프트웨어는 무엇일까요?,https://www.dataparc.com/ko/blog/what-makes-good-visualization-software-for-data-historians/,데이터 히스토리안을 위한 시각화 소프트웨어,데이터 시각화,공정 제조,,제조 공정 데이터를 저장하고 분석하기 위해 사용할 수 있는 다양한 시스템이 있습니다. 그중에서도 데이터 히스토리안은 가장 중요한 역할을 합니다. 데이터 히스토리안에 적합한 시각화 소프트웨어는 무엇일까요?,Korean,
什么构成了出色的数据历史记录系统可视化软件？,https://www.dataparc.com/zh/blog/what-makes-good-visualization-software-for-data-historians/,数据历史记录系统可视化软件,数据可视化,流程制造,,市场上有许多不同的系统可用于存储和分析制造过程数据，其中数据历史记录系统就是其中的佼佼者。那么，什么构成了出色的数据历史记录系统可视化软件？,Chinese,
如何使用控制图提升制造质量,https://www.dataparc.com/zh/blog/how-to-use-control-charts-to-improve-manufacturing-quality/,如何使用控制图提升制造质量,数据可视化/流程制造,流程制造,,深入软件与制造领域，学习如何借助控制图提升过程质量。,Chinese,
공정 엔지니어링 소프트웨어: 매우 유용한 13가지 도구,https://www.dataparc.com/ko/blog/process-engineering-software/,공정 계산 소프트웨어,데이터 시각화/프로세스 제조/문제 해결 및 분석,,,"공정 엔지니어는 매일 다양한 이유로 소프트웨어를 사용합니다. 이 글에서는 일반적인 공정 엔지니어링 소프트웨어 유형을 살펴보고, 모든 공정 엔지니어가 알아야 할 몇 가지 강력한 소프트웨어 애플리케이션을 소개합니다.",Korean,
데이터 히스토리안: 제조 데이터를 올바로 저장하는 방법,https://www.dataparc.com/ko/blog/data-historian-still-the-right-choice-for-your-manufacturing-data/,데이터 히스토리안,대시보드 및 디스플레이/데이터 시각화/프로세스 제조/문제 해결 및 분석,,,"기존의 운영 데이터 히스토리안과 새로운 오픈 소스 플랫폼 모두 계속 진화하면서 비즈니스에 새로운 가치를 창출하고 있지만, 현재 데이터 히스토리안 플랫폼에 내장된 전문 영역의 지식을 간과해서는 안 됩니다.",Korean,
"시계열 데이터베이스와 관계형 데이터베이스, 데이터 레이크의 비교",https://www.dataparc.com/ko/blog/time-series-database-vs-relational-database-vs-data-lake/,"시계열 데이터베이스와 관계형 데이터베이스, 데이터 레이크의 비교",대시보드 및 디스플레이/데이터 시각화/프로세스 제조/문제 해결 및 분석,,,"관계형 데이터베이스, 시계열 데이터베이스, 데이터 레이크 및 기타 데이터 소스 사이의 가장 중요한 차이점은 타임스탬프가 찍힌 공정 데이터를 처리하고 데이터 무결성을 보장하는 기능입니다.",Korean,
时间序列数据库与关系型数据库和数据湖对比,https://www.dataparc.com/zh/blog/time-series-database-vs-relational-database-vs-data-lake/,"시계열 데이터베이스와 관계형 데이터베이스, 데이터 레이크의 비교",仪表盘和显示器/数据可视化/流程制造/故障排除与分析,,,关系型数据库、时间序列数据库、数据湖与其他数据源之间最重要的区别在于处理带有时戳的工艺数据以及确保数据完整性的能力。,Chinese,
数据历史记录系统：仍然是您的制造数据的正确选择,https://www.dataparc.com/zh/blog/data-historian-still-the-right-choice-for-your-manufacturing-data/,数据历史记录系统,仪表盘和显示器/数据可视化/流程制造/故障排除和分析,,,无论是成熟的操作数据历史记录系统，还是新兴的开源平台，都在不断演进并为企业增添新的价值，但不应忽视如今已深深植根于数据历史记录系统平台中的专业知识。,Chinese,
过程工程软件：13 款超级实用工具,https://www.dataparc.com/zh/blog/process-engineering-software/,过程工程软件,数据可视化/流程制造/故障排除与分析,,,工艺工程师每天出于各种原因使用各类软件。本文将探讨常见的过程工程软件类型，并重点介绍每位工艺工程师应当了解的一些强大软件应用程序。,Chinese,
如何进行过程中心线化,https://www.dataparc.com/zh/blog/how-to-centerline-a-process/,如何进行过程中心线化,数据可视化/流程制造,流程制造,,了解如何使用不同工具和软件进行过程中心线化。,Chinese,
Process Alarm Management Best Practices,https://www.dataparc.com/blog/best-practices-for-process-alarm-management/,alarm management,Data Visualization,Process Manufacturing,,Learn how proper process alarm management requires careful planning and has a significant impact over control system effectiveness.,English,
Welcome To 5.5,https://www.dataparc.com/blog/welcome-to-5-5/,,Process Manufacturing,Process Manufacturing,,,English,
Introducing PARCview 5.4,https://www.dataparc.com/blog/introducing-parcview-5-4/,,News,Process Manufacturing,,,English,
Digital Transformation Roles and Responsibilities in Manufacturing,https://www.dataparc.com/blog/manufacturing-digital-transformation-roles-responsibilities/,digital transformation roles and responsibilities,Data Visualization/Historian Data/Process Manufacturing/Troubleshooting & Analysis,,,Explore key roles and responsibilities in digital transformation for manufacturing. Unlock your facility’s potential.,English,
ダウンタイム追跡: データの潜在能力を引き出す5つのステップ,https://www.dataparc.com/ja/blog/downtime-tracking-5-steps-to-harness-your-datas-potential/,ダウンタイムの追跡,プロセス製造,,,プロセスが稼働していない場合、製品を生産していないことになるので、機器のダウンタイムを追跡することは重要です。ダウンタイムデータを収集および追跡する際、有用な情報が生成されることを保証するためのこつを紹介します。,Japanese,
dataPARC Expands Operations in Latin America to Meet Growing Demand,https://www.dataparc.com/blog/dataparc-expands-operations-latin-america-meet-growing-demand/,,News/translate (en),,,,English,
공정 제조의 편차 분석,https://www.dataparc.com/ko/blog/deviation-analysis-process-manufacturing/,편차 분석,데이터 시각화/기록 데이터/공정 제조/문제 해결 및 분석,,,"편차 분석은 전 세계 공정 제조 시설에서 일상적으로 수행되는 일상적인 문제 해결 방식입니다. 속도가 중요한 경우, 문제를 신속하게 해결하려면 안정적인 편차 감지 시스템과 함께 결과 데이터를 분석하는 적절한 절차가 필수적입니다.",Korean,
공정 제조 분야의 디지털 트윈 솔루션,https://www.dataparc.com/ko/blog/digital-twin-solutions-process-manufacturing/,공정 제조의 디지털 트윈,공정 제조/분류되지 않음/공정 제조/분류되지 않음,,,공정 제조에서 디지털 트윈의 목표는 플랜트 작업자와 주제 전문가에게 문제 해결 및 작업 최적화를 위해 자산에 대한 모든 디지털 정보를 제공하는 것입니다.,Korean,
流程制造中的数字孪生解决方案,https://www.dataparc.com/zh/blog/digital-twin-solutions-process-manufacturing/,流程制造中的数字孪生,流程制造/未分类,,,在流程制造中，数字孪生的目标是为工厂操作员和专业领域专家提供有关资产的所有可用数字信息，以供故障排除和运营优化之用。,Chinese,
停机追踪：五步发挥数据潜力,https://www.dataparc.com/zh/blog/downtime-tracking-5-steps-to-harness-your-datas-potential/,停机追踪,流程制造,流程制造,,设备停机追踪至关重要，因为如果工艺不运行，就无法生产任何产品。在收集和追踪停机数据时，有几个关键点确保生成有用信息。,Chinese,
다운타임 추적: 데이터의 잠재력 활용을 위한 5단계,https://www.dataparc.com/ko/blog/downtime-tracking-5-steps-to-harness-your-datas-potential/,다운타임 추적,프로세스 제조,공정 제조,,공정이 가동되지 않으면 제품을 생산하지 않는 것이므로 장비 다운타임을 추적하는 것이 중요합니다. 다운타임 데이터를 수집하고 추적할 때 유용한 정보가 생성되도록 하기 위한 몇 가지 중요한 사항이 있습니다.,Korean,
품질 관리를 위한 파레토 차트 활용,https://www.dataparc.com/ko/blog/using-pareto-charts-for-quality-control/,,데이터 시각화/공정 제조,공정 제조,,,Korean,
使用帕雷托图进行质量控制,https://www.dataparc.com/zh/blog/using-pareto-charts-for-quality-control/,,数据可视化/流程制造,流程制造,,,Chinese,
제어 차트를 사용하여 제조 품질을 개선하는 방법,https://www.dataparc.com/ko/blog/how-to-use-control-charts-to-improve-manufacturing-quality/,제어 차트를 사용하여 제조 품질을 개선하는 방법,데이터 시각화/공정 제조,공정 제조,,제어 차트를 사용하여 공정에서 품질을 개선하는 방법을 배우면서 소프트웨어와 제조의 세계를 살펴보세요.,Korean,
공정 센터라인 설정 방법,https://www.dataparc.com/ko/blog/how-to-centerline-a-process/,공정 센터라인 설정 방법,데이터 시각화/공정 제조,공정 제조,,다양한 도구와 소프트웨어로 공정의 센터라인을 설정하는 방법을 알아보세요.,Korean,
寻找最佳选择：云数据历史数据库与本地部署数据历史记录系统之间的抉择,https://www.dataparc.com/zh/blog/choosing-between-cloud-and-on-premises-data-historians/,云数据历史记录系统,历史数据,,,对比云数据历史记录系统与本地部署数据历史记录系统。考察其对可扩展性、成本及安全性影响的优缺点。 ,Chinese,
적합한 솔루션 찾기: 클라우드 히스토리안과 온프레미스 데이터 히스토리안 중 선택하기,https://www.dataparc.com/ko/blog/choosing-between-cloud-and-on-premises-data-historians/,클라우드 데이터 히스토리안,역사가 데이터,,,"클라우드 데이터 히스토리안과 온프레미스 데이터 히스토리안을 비교하세요. 확장성, 비용, 보안에 미치는 영향에 따른 장단점도 살펴보세요. ",Korean,
流程工业中的数字化转型：5 个阶段,https://www.dataparc.com/zh/blog/digital-transformation-process-industries-5-stages/,流程工业中的数字化转型,仪表盘和显示器/数据可视化/流程制造/故障排除和分析,,,我们已确定流程工业中数字化转型的五个阶段。划分转型类别为定义每个客户面临的广泛挑战提供了框架，并为客户提供了最佳解决方案。它还有助于让客户全面了解我们能为客户做什么。或许您能在其中一个阶段中看到自己和您的工厂。,Chinese,
공정 산업의 디지털 혁신: 5단계,https://www.dataparc.com/ko/blog/digital-transformation-process-industries-5-stages/,공정 산업의 디지털 혁신,공정 제조/대시보드 및 디스플레이/데이터 시각화/문제 해결 및 분석,,,공정 산업에서 디지털 혁신을 위한 5가지 단계를 확인했습니다. 혁신의 범주를 지정하면 각 고객의 광범위한 과제를 정의하고 고객을 위한 최고의 솔루션을 제시할 수 있는 체계가 마련됩니다. 또한 고객에게 어떤 것이 가능한지 큰 그림으로 파악할 수 있도록 도움을 줍니다. 아마도 귀사와 귀사의 플랜트는 다음 단계 중 하나에 속해 있을 것입니다.,Korean,
借助环境数据软件优化 ESG 合规 ,https://www.dataparc.com/zh/blog/environmental-software-esg-compliance/,ESG 合规中的环境数据,仪表盘和显示器/数据可视化/流程制造,,,了解如何运用软件提升环境数据以符合 ESG 要求，通过创新软件解决方案简化报告与决策，助力可持续业务实践。,Chinese,
환경 데이터 소프트웨어를 통한 ESG 규정 준수 최적화 ,https://www.dataparc.com/ko/blog/environmental-software-esg-compliance/,ESG 규정 준수에서의 환경 데이터,대시보드 및 디스플레이/데이터 시각화/공정 제조,,,지속 가능한 비즈니스 활동을 위한 혁신적인 소프트웨어 솔루션으로 보고 및 의사결정을 간소화하여 ESG 규정 준수를 위한 환경 데이터를 개선하는 소프트웨어를 활용하는 방법을 알아보세요.,Korean,
Georgia-Pacific Selects dataPARC for Process Data Visualization and Analysis Across Containerboard and Cellulose Divisions,https://www.dataparc.com/blog/georgia-pacific-selects-dataparc-process-data-visualization-across-containerboard-cellulose-divisions/,,News,,,,English,
Downtime Tracking: 5 Steps To Harness Your Data’s Potential,https://www.dataparc.com/blog/downtime-tracking-5-steps-to-harness-your-datas-potential/,downtime tracking,Process Manufacturing,Process Manufacturing,,"Equipment downtime tracking is important because if the process isn’t running, you aren’t producing any product. Here’s how to harness your data.",English,
How to Calculate OEE: Formulas For Peak Performance,https://www.dataparc.com/blog/calculating-oee-formulas-for-peak-performance/,OEE calculation formula,Data Visualization/Process Manufacturing,Process Manufacturing,,"OEE combines downtime, speed, and quality losses into one value. Here’s the OEE calculation formula and everything else you need to know.",English,
Implementing OEE: 6 Keys to Success,https://www.dataparc.com/blog/6-keys-to-successful-oee-implementation/,implementing oee,Data Visualization/Process Manufacturing,Process Manufacturing,,OEE is not a one stope shop. In this article we will explore methods of implementing oee for improved performance.,English,
Rethinking Data Compression For Process Historians,https://www.dataparc.com/blog/rethinking-data-compression-for-process-historians/,data compression for process historians,Process Manufacturing,Process Manufacturing,,,English,
Digital Twin Solutions in Process Manufacturing,https://www.dataparc.com/blog/digital-twin-solutions-process-manufacturing/,digital twin process industry,Process Manufacturing,,,Learn how digital twins optimize process manufacturing by providing real-time data for troubleshooting and operations efficiency.,English,
Using Pareto Charts For Quality Control,https://www.dataparc.com/blog/using-pareto-charts-for-quality-control/,pareto,Data Visualization/Process Manufacturing,Process Manufacturing,,,English,
Anomaly Detection for Time Series Data,https://www.dataparc.com/blog/time-series-anomaly-detection-manufacturing-process/,anomaly detection in time series,Data Visualization/Historian Data/Process Manufacturing/Troubleshooting & Analysis,,,Discover how time series anomaly detection helps manufacturing identify and resolve issues quickly with effective methods and tools for process control.,English,
HMI Design Best Practices: The Complete Guide,https://www.dataparc.com/blog/hmi-design-best-practices-complete-guide/,HMI Design Best Practices,Dashboards & Displays/Data Visualization/Process Manufacturing,Process Manufacturing,,,English,
How To Centerline A Process,https://www.dataparc.com/blog/how-to-centerline-a-process/,how to centerline a process,Data Visualization/Process Manufacturing,Process Manufacturing,,Learn how to centerline a process with different tools and software.,English,
13 Essential Manufacturing KPIs for Continuous Improvement,https://www.dataparc.com/blog/establishing-manufacturing-kpis-for-continuous-improvement/,Manufacturing KPIs,Dashboards & Displays/Data Visualization,,,"KPIs are a powerful tool for manufacturers to drive continuous improvement and promote process efficiency. We’ll explain what KPIs are, how they are used in manufacturing and tie into continuous improvement. Feel confident in selecting and developing KPIs with a step-by-step outline.",English,
How to Implement 5 Whys Root Cause Analysis in Manufacturing,https://www.dataparc.com/blog/how-to-implement-5-whys-root-cause-analysis-process-manufacturing/,5 Why Root Cause Analysis,Process Manufacturing/Troubleshooting & Analysis,,,Learn how to apply the 5 Whys Root Cause Analysis method to uncover and solve manufacturing issues effectively with this step-by-step guide.,English,
How to Perform a Manufacturing Gap Analysis,https://www.dataparc.com/blog/how-to-perform-manufacturing-gap-analysis/,manufacturing gap analysis,Dashboards & Displays/Data Visualization/Process Manufacturing/Troubleshooting & Analysis,,,Minimize manufacturing gaps such as operational cost or waste by performing a gap analysis with process data. In this article we will walk through the steps of a basic manufacturing gap analysis.,English,
Process Engineering Software: 13 Super Useful Tools,https://www.dataparc.com/blog/process-engineering-software/,process engineering software,Data Visualization/Process Manufacturing/Troubleshooting & Analysis,,,Process engineers use software every day for a variety of reasons. In this article we will explore common types of process engineering software and highlight some powerful software applications that every process engineer should know.,English,
7 Strategies to Improves OEE While Analyzing the 6 Big Losses,https://www.dataparc.com/blog/improving-oee-analyzing-six-big-losses/,improve oee,Process Manufacturing,Process Manufacturing,,"Discover effective strategies to improve OEE: optimize maintenance, streamline processes, and reduce both planned and unplanned downtime.",English,
Control Charts in Manufacturing Quality Control,https://www.dataparc.com/blog/how-to-use-control-charts-to-improve-manufacturing-quality/,control chart in quality control,Data Visualization/Process Manufacturing,Process Manufacturing,,Learn how to use control charts in quality control to enhance your manufacturing processes and improve quality.,English,
"Process Control Loops: Trending PV, SP, OP And Mode",https://www.dataparc.com/blog/process-control-loops-trending-pv-sp-op-and-mode/,process control loops,Process Manufacturing,Process Manufacturing,,,English,
Data Historian Reporting Best Practices,https://www.dataparc.com/blog/data-historian-reporting-best-practices/,,Process Manufacturing,Process Manufacturing,,,English,
Tech Terms Today – What The Buzzword Was That?,https://www.dataparc.com/blog/tech-terms-today-what-the-buzzword-was-that/,,Process Manufacturing,Process Manufacturing,,,English,
IT/OT Convergence in Manufacturing,https://www.dataparc.com/blog/it-ot-convergence-in-manufacturing-easier-than-you-think/,IT OT Convergence in Manufacturing,Process Manufacturing,,,"Learn how IT/OT convergence in manufacturing can be simplified with strategic tools and gradual changes, improving efficiency and reducing costs.",English,
Stages of Digital Transformation in the Process Industry,https://www.dataparc.com/blog/digital-transformation-process-industries-5-stages/,stages of digital transformation,Dashboards & Displays/Data Visualization/Process Manufacturing/Troubleshooting & Analysis,,,"Discover the 5 key stages of digital transformation in process industries, from awareness to full integration, to boost efficiency and innovation.",English,
Data Historian: Still The Right Choice For Your Manufacturing Data,https://www.dataparc.com/blog/data-historian-still-the-right-choice-for-your-manufacturing-data/,Data Historian,Dashboards & Displays/Data Visualization/Process Manufacturing/Troubleshooting & Analysis,,,"Both established operational data historians and newer open-source platforms continue to evolve and add new value to business, but the significant domain expertise now embedded within data historian platforms should not be overlooked.",English,
Unlocking Better Process Display Performance Using WPF and XAML,https://www.dataparc.com/blog/secret-better-process-display-performance-hint-wpf-xaml/,,Process Manufacturing,Dashboards & Displays/Process Manufacturing,,,English,
Aggregating Manufacturing Data for Accurate Analysis,https://www.dataparc.com/blog/aggregate-manufacturing-data-accurate-analysis/,aggregating manufacturing data,Process Manufacturing,Process Manufacturing,,"The first step toward understanding and optimizing a manufacturing process is to collect and archive data about the process. Ideally, the system used for aggregating manufacturing data is a &quot;plant wide&quot; information system, or PIMS, which collects not just process data, but also quality information and laboratory results, and operations information such as upcoming orders and inventory.",English,
Manufacturing KPI Formulas: Examples to Measure Manufacturing &amp; Production Efficiency,https://www.dataparc.com/blog/manufacturing-kpi-formulas/,aggregating manufacturing data,Process Manufacturing,,,Discover 10 essential KPI formulas to measure success in manufacturing. Optimize operations and drive growth with these proven performance indicators.,English,
Integrating Manufacturing Data: 6 Combos for Process Analysis,https://www.dataparc.com/blog/integrating-manufacturing-data-6-combos-for-process-analysis/,integrating manufacturing data,Data Visualization/Historian Data/Process Manufacturing/Troubleshooting & Analysis,,,"Integrating manufacturing data in a plant is necessary for many reasons. Among the most important is getting relevant data to various departments quickly. In doing so, downtime is reduced, anomalies are identified and corrected, and quality is improved. In this article we will walk you through the different integrations and what to look out for as well as tips and best practices.",English,
"dataPARC Unveils Browser-Based Version of PARCview, Extending Process Data Visualization and Analysis Across Devices ",https://www.dataparc.com/blog/dataparc-unveils-browser-based-version-of-parcview/,,News,,,,English,
Getting “High Performance” Process Data From Your PIMS,https://www.dataparc.com/blog/getting-high-performance-process-data-pims/,High Performance from your PIMS,Process Manufacturing,Process Manufacturing,,Check out how to optimize your data to increase performance to trend your data and get answers at the speed of thought.,English,
Easily Integrating Maintenance Information With A Computerized Maintenance Management System (CMMS),https://www.dataparc.com/blog/easily-integrating-maintenance-information-with-a-computerized-maintenance-management-system-cmms/,Easily Integrating Maintenance Information With A Computerized Maintenance Management System (CMMS),Data Visualization,Process Manufacturing,,,English,
PI Visionに代わる最良のツール [2025],https://www.dataparc.com/ja/blog/best-pi-vision-alternatives/,PI Visionの代替ツール,プロセス製造,,,この記事では、PI Visionを詳細に調べて、現在のPI Visionユーザーから提供されたいくつかの洞察を共有し、より良い機能と使いやすさを提供する可能性がある、PI Visionに代わるツールに注目します。,Japanese,
最佳 Pi Vision 替代方案 [2025］,https://www.dataparc.com/zh/blog/best-pi-vision-alternatives-2024/,PI Vsion 替代方案,流程制造,,,在本帖中，我们将深入探讨 PI Vision，分享当前 PI Vision 用户的一些见解，并突出可能在功能和易用性上更胜一筹的 PI Vision 替代方案。 ,Chinese,
최고의 PI Vision 대안 [2025],https://www.dataparc.com/ko/blog/best-pi-vision-alternatives-2024/,PI 비전 대안,프로세스 제조,,,"이번 게시물에서는 PI Vision을 자세히 살펴보고, 현재 PI Vision 사용자가 제공한 몇 가지 의견을 공유하며, 더 나은 기능과 사용 편의성을 제공하는 PI Vision의 대안을 소개합니다.",Korean,
최고의 PI ProcessBook 대안 [2025],https://www.dataparc.com/ko/blog/best-pi-processbook-alternatives-2024/,프로세스북 대안,공정 제조,,,"PI ProcessBook의 지원 종료가 임박한 지금, 공정 업계의 많은 엔지니어와 작업자는 수년간 의존해 온 도구를 교체해야 하는 과제에 직면해 있습니다. 이 글에서는 ProcessBook 대체 도구를 평가하기 위한 몇 가지 팁을 제공하고, 현재 사용 가능한 최고의 ProcessBook 대안을 소개합니다.",Korean,
最佳 Pi ProcessBook 替代品 [2025］,https://www.dataparc.com/zh/blog/best-pi-processbook-alternatives-2024/,processbook 替代方案,流程制造,,,随着 PI ProcessBook 走向淘汰，许多流程制造商面临替换多年来依赖的工具的挑战。在本文中，我们将为您提供一些评估当今可用的最佳 ProcessBook 替代方案的技巧。,Chinese,
PI ProcessBookに代わる最良のツール [2025],https://www.dataparc.com/ja/blog/best-pi-processbook-alternatives/,ProcessBookの代替ツール,プロセス製造,,,PI ProcessBookが消滅に向かっている今、多くのプロセスメーカーは、長年依存してきたツールを置換するという課題に直面しています。この記事では、現在入手可能な最も優れたProcessBookの代替ツールの評価に関するヒントを示します。,Japanese,
Best Pi ProcessBook Alternatives [2025],https://www.dataparc.com/blog/best-pi-processbook-alternatives/,processbook alternatives,Process Manufacturing,,,"Now that PI ProcessBook is headed toward extinction, many process manufacturers are presented with the challenge of replacing the tools they’ve depended on for years. In this article we’ll give you some tips for evaluating some of the best ProcessBook alternatives available today.",English,
What Makes Good Visualization Software For Data Historians?,https://www.dataparc.com/blog/what-makes-good-visualization-software-for-data-historians/,visualization software for data historians,Data Visualization,Process Manufacturing,,There are many different systems available for storing and analyzing manufacturing process data. A data historian is chief among these. But what makes good visualization software for data historians?,English,
製造業でダウンタイムを削減する5つの効果的な方法,https://www.dataparc.com/ja/blog/5-effective-ways-to-reduce-downtime-in-manufacturing/,ダウンタイムの削減,ダッシュボード＆ディスプレイ/データ可視化/プロセス製造/トラブルシューティング＆分析,,,ダウンタイムの削減により、生産性の向上、コストの削減、および事故の減少が実現します。ダウンタイム追跡ソフトウェアを使用すると、ダウンタイム削減に役立ちます。プロセスがダウンしている理由を知ることは、ダウンタイム削減の鍵になります。,Japanese,
dataPARC와 PI의 비교,https://www.dataparc.com/ko/blog/dataparc-vs-pi/,dataPARC와 PI의 비교,데이터 시각화/기록 데이터/공정 제조/문제 해결 및 분석,,,"공정 산업에서 최적화는 효율성의 핵심입니다. 그리고 효율성은 제조업체가 더 많이 생산하고 낭비를 줄임으로써 수익을 창출할 수 있게 해 줍니다. 공정 최적화를 위해 많은 제조업체는 시계열 데이터 히스토리안과 데이터 시각화 소프트웨어를 함께 사용합니다. 이 글에서는 이 분야의 선두주자인 dataPARC와 PI를 비교하고, 공정 정보 관리 시스템으로서 dataPARC가 PI보다 뛰어난 몇 가지 장점을 강조할 것입니다.",Korean,
dataPARC 与 PI 对比,https://www.dataparc.com/zh/blog/dataparc-vs-pi/,dataPARC 与 PI 对比,数据可视化/历史数据/流程制造/故障排除与分析,,,在流程工业中，优化是提高效率的关键，而效率正是带来利润的源泉，使制造商能够生产更多，浪费更少。为了优化其流程，许多制造商将时间序列数据历史记录系统和数据可视化软件结合使用。这些工具对于工艺、环境和质量监测至关重要。dataPARC 和 PI 是流程数据分析领域的两大领军者，在本文中，我们将比较 dataPARC 与 PI，并重点介绍 dataPARC 作为过程信息管理系统相对于 PI 的一些优势。,Chinese,
dataPARCとPIの比較,https://www.dataparc.com/ja/blog/dataparc-vs-pi/,dataPARCとPIの比較,データの可視化/ヒストリアンデータ/プロセス製造/トラブルシューティングと分析,,,プロセス産業では、最適化が効率性の鍵となります。そして、効率性は利益につながり、メーカーは生産を増やし、無駄を削減できます。プロセスを最適化するために、多くのメーカーは時系列データヒストリアンとデータ可視化ソフトウェアを組み合わせています。これらのツールは、プロセス、環境、および品質の監視に不可欠です。dataPARCとPIはプロセスデータ分析分野をリードする2つの製品であり、この記事ではdataPARCとPIを比較して、プロセス情報管理システムとしてdataPARCがPIよりも優れている点をいくつか紹介します。,Japanese,
dataPARC vs PI,https://www.dataparc.com/blog/dataparc-vs-pi/,dataparc vs PI,Data Visualization/Historian Data/Process Manufacturing/Troubleshooting & Analysis,,,"In the process industries, optimization is the key to efficiency. And efficiency is what leads to profit - allowing manufacturers to produce more and waste less. To optimize their processes, many manufactures pair time series data historian and data visualization software. These tools are vital for process, environmental and quality monitoring. dataPARC and PI are two of the leaders in the process data analytics space, and in this article we&#039;ll compare dataPARC vs PI and highight some of the advantages dataPARC has over PI as a process information management system.",English,
産業用エネルギー管理: 使用状況を追跡して効率を改善,https://www.dataparc.com/ja/blog/industrial-energy-management-track-usage-gain-efficiency/,産業用エネルギー管理,ダッシュボード＆ディスプレイ/データ可視化/プロセス製造,,,,Japanese,
製造業におけるデジタルツイン: 導入とその主なメリットについて,https://www.dataparc.com/ja/blog/digital-twin-manufacturing/,製造業におけるデジタル・ツイン,ダッシュボード＆ディスプレイ/データ可視化/プロセス製造/トラブルシューティング＆分析,,,,Japanese,
産業環境モニタリングの概要と方法,https://www.dataparc.com/ja/blog/what-is-industrial-environmental-monitoring/,産業環境モニタリング,ダッシュボード＆ディスプレイ/データ可視化/プロセス製造,,,,Japanese,
ESGデータ分析が製造業の常識を変える,https://www.dataparc.com/ja/blog/esg-data-analytics-game-changer/,ESGデータ分析,ダッシュボード＆ディスプレイ/データ可視化/プロセス製造,,,,Japanese,
제조업의 산업 에너지 모니터링,https://www.dataparc.com/blog/energy-management-manufacturing-monitoring-consumption/,산업 에너지 모니터링,프로세스 제조,프로세스 제조,,"제조업체는 낭비, 비용, 위험을 줄이기 위해 산업 에너지 모니터링이 필요합니다. 공장에 가장 적합한 솔루션을 찾는 방법과 고려해야 할 사항은 다음과 같습니다.",Korean,
산업 에너지 관리: 사용량 추적 및 효율성 향상,https://www.dataparc.com/ko/blog/industrial-energy-management-track-usage-gain-efficiency/,산업 에너지 관리,translate (ko)/공정 제조/대시보드 및 디스플레이/데이터 시각화,,,,Korean,
데이터 수집 및 시각화를 위한 세 가지 주요 PI System 대안,https://www.dataparc.com/ko/blog/top-pi-system-alternatives/,Pi 시스템 대안,translate (ko)/공정 제조/데이터 시각화/문제 해결 및 분석/히스토리안 데이터,,,,Korean,
제조 분야의 산업 에너지 모니터링,https://www.dataparc.com/ko/blog/energy-management-manufacturing-monitoring-consumption/,제조 분야의 에너지 관리,프로세스 제조/번역 (ko),공정 제조,,,Korean,
제조 효율성을 개선하는 4단계 방법,https://www.dataparc.com/ko/blog/improve-manufacturing-efficiency/,제조 효율성을 개선하는 방법,translate (ko)/공정 제조/대시보드 및 디스플레이/데이터 시각화/문제 해결 및 분석,,,,Korean,
Ensuring 21 CFR Part 11 Compliance with dataPARC Suite and Historian,https://www.dataparc.com/blog/21-cfr-par-11-compliance-dataparc/,21 CFR Part 11 Compliance,Process Manufacturing,,,Learn about 21 CFR Part 11 Compliance and how to implement it. Find out the answer to is dataPARC 21 CFR Part 11 Compliant.,English,
5 Effective Ways to Reduce Downtime in Manufacturing,https://www.dataparc.com/blog/5-effective-ways-to-reduce-downtime-in-manufacturing/,reduce downtime,Dashboards & Displays/Data Visualization/Process Manufacturing/Troubleshooting & Analysis,,,"Reducing downtime increases productivity, lowers costs, and decreases accidents. Downtime tracking software can be utilized to help reduce downtime. Knowing why the process is going down is key to reducing it.",English,
From Data Silos to AI: Ready Your Manufacturing Ecosystem for AI,https://www.dataparc.com/blog/how-to-ready-your-manufacturing-ecosystem/,data ecosystem for ai,Process Manufacturing/Troubleshooting & Analysis,,,"In this article, we will explore how manufacturers can ready their data ecosystem for AI (Artificial Intelligence) to make it successful.",English,
Upgrade Your Industrial Software: Best GE Proficy Replacement,https://www.dataparc.com/blog/upgrade-your-industrial-software-best-ge-proficy-replacement/,GE Proficy Replacement,Data Visualization/Historian Data/Process Manufacturing/Troubleshooting & Analysis,,,Explore the best GE Proficy replacement options tailored to your needs. Make an informed choice with our comprehensive guide.,English,
The Role and Importance of Big Data in Manufacturing,https://www.dataparc.com/blog/the-role-and-importance-of-big-data-in-manufacturing/,Big Data in Manufacturing,Historian Data/Process Manufacturing,,,"Discover how big data in manufacturing can enhance efficiency, optimize processes, and reduce costs with dataPARC.",English,
Boosting Workflow Efficiency: What to Add to Your Data Management Scorecard,https://www.dataparc.com/blog/workflow-productivity-index-what-to-add-to-your-data-management-scorecard/,Workflow Productivity Index,Data Visualization/Process Manufacturing,,,Explore Data Management Scorecard basics and how the Workflow Productivity Index can help you evaluate system efficiency.,English,
Understanding Digital Twin Platforms: Transforming Data into Actionable Insights,https://www.dataparc.com/blog/understanding-digital-twin-platforms-actionable-insights/,digital twin platforms,Data Visualization/Process Manufacturing,,,"Explore the benefits, applications, and future trends of digital twin platforms. Learn how they transform data into actionable insights.",English,
3 Top PI System Alternatives to Collect and Visualize Data,https://www.dataparc.com/blog/top-pi-system-alternatives/,Pi System Alternatives,Data Visualization/Historian Data/Process Manufacturing/Troubleshooting & Analysis,,,"Review the top PI System alternatives based on features, pricing, ease of use and more to choose the best option for your manufacturing plant.",English,
Importance of an Industrial Data Platform for Manufacturing Data,https://www.dataparc.com/blog/industrial-data-platform/,industrial data platforms,Process Manufacturing,Data Visualization/Process Manufacturing,,"Explore how Industrial Data Platforms revolutionize manufacturing data management, enhancing efficiency, innovation, and decision-making in the industry.",English,
OEE Data Collection Software: Reducing Waste and Increasing Efficiency,https://www.dataparc.com/blog/oee-data-collection-software-reduce-waste-increase-efficiency/,oee data collection software,Process Manufacturing,,,"Learn how OEE data collection software enhances efficiency, reduces waste, and boosts productivity in manufacturing. Start transforming your processes today.",English,
"Real-Time Manufacturing Dashboards: Setup, Importance, and Benefits",https://www.dataparc.com/blog/real-time-manufacturing-dashboard-setup-importance-benefits/,real time manufacturing dashboards,Dashboards & Displays/Data Visualization,,,Real-time-manufacturing dashboards provide a visual representation of processes and production so you can monitor KPIs in one central place.,English,
Digital Twins in Manufacturing Explained: Key Advantages and Implementation Insights,https://www.dataparc.com/blog/digital-twin-manufacturing/,digital twins in manufacturing,Dashboards & Displays/Data Visualization/Process Manufacturing/Troubleshooting & Analysis,,,"As a virtual model of your plant, digital twins in manufacturing allow you to continually monitor processes, capture data, and improve your efficiency.",English,
Manufacturing Process Optimization Strategies,https://www.dataparc.com/blog/manufacturing-process-opimization/,manufacturing process optimization,Dashboards & Displays/Data Visualization/Process Manufacturing/Troubleshooting & Analysis,,,"With the right measurement and analysis tools, you can increase output with these manufacturing process optimization strategies.",English,
How to Improve Manufacturing Efficiency in 4 Steps,https://www.dataparc.com/blog/improve-manufacturing-efficiency/,how to improve manufacturing efficiency,Dashboards & Displays/Data Visualization/Process Manufacturing/Troubleshooting & Analysis,,,"The first step in improving manufacturing efficiency is to create and enforce standard operating procedures, but there’s so much more you can do to improve.",English,
Industrial Energy Management: Track Usage and Gain Efficiency,https://www.dataparc.com/blog/industrial-energy-management-track-usage-gain-efficiency/,Industrial energy management,Dashboards & Displays/Data Visualization/Process Manufacturing,,,"For better industrial energy management, use manufacturing analytics data to identify areas where you can improve energy efficiency.",English,
What is Industrial Environmental Monitoring and How to Do It,https://www.dataparc.com/blog/what-is-industrial-environmental-monitoring/,industrial environmental monitoring,Dashboards & Displays/Data Visualization/Process Manufacturing,,,,English,
Optimizing ESG Compliance with Environmental Data Software ,https://www.dataparc.com/blog/environmental-software-esg-compliance/,Environmental Data in ESG Compliance,Dashboards & Displays/Data Visualization/Process Manufacturing,,,"Discover how to leverage software to enhance environmental data for ESG compliance, streamlining reporting and decision-making with innovative software solutions for sustainable business practices.",English,
ESG Data Analytics is a Game-Changer for Manufacturing,https://www.dataparc.com/blog/esg-data-analytics-game-changer/,esg data analytics,Dashboards & Displays/Data Visualization/Process Manufacturing,,,"In this blog post we will explore ESG data analytics, how it pertains to manufacturing and how innovative reporting tools enhance transparency and foster trust in ESG initiatives.",English,
Discussing FactoryTalk VantagePoint Replacements,https://www.dataparc.com/blog/discussing-factorytalk-vantagepoint-replacements/,VantagePoint Replacements,Data Visualization/Process Manufacturing/Troubleshooting & Analysis,,,"As the impending discontinuation date of Rockwell Automation&#039;s VantagePoint draws near, manufacturers find themselves presented with a unique opportunity for exploration and evaluation of VantagePoint replacements.",English,
Leverage Power BI Production Dashboards for Real-Time Insights,https://www.dataparc.com/blog/power-bi-production-dashboard/,Power BI Production Dashboards,Dashboards & Displays/Data Visualization/Process Manufacturing,,,Explore how process data can be incoprorated into Power BI production dashboards to give managment real-time inforamtion without waiting for monthly reports.,English,
ChatGPT for Engineers: Transforming Graphic Coding from Idea to Implementation,https://www.dataparc.com/blog/chatgpt-for-engineers/,ChatGPT for Engineers,Dashboards & Displays/Data Visualization/Process Manufacturing,,,"Explore how engineers can utilize ChatGPT for coding. Dive into the world of AI to create dynamic, user-friendly graphics.",English,
Replacing GE Digital&#8217;s Operations Hub: Exploring Innovative Alternatives,https://www.dataparc.com/blog/replacing-ge-digitals-operations-hub/,Replacing Operations Hub,Process Manufacturing,,,"In this blog, we&#039;ll explore the potential of replacing operations hub to find the best visualization tool for your site.",English,
Top Data Visualization Tools for aspenONE  Process Explorer Replacement,https://www.dataparc.com/blog/top-data-visualization-tools-for-aspenone-replacement/,aspenONE replacement,Process Manufacturing,,,Discover the future of data visualization in process industries as we explore various aspenONE replacement options.,English,
The Best Visualization Tool for Wonderware Historian,https://www.dataparc.com/blog/the-best-visualization-tool-for-wonderware-historian/,Wonderware Historian,Process Manufacturing,,,Learn about the seamless integration and exceptional visualization capabilities offered by dataPARC&#039;s PARCview with your Wonderware Historian.,English,
Find the Right Fit: Choosing Between Cloud and On-Premises Data Historians,https://www.dataparc.com/blog/choosing-between-cloud-and-on-premises-data-historians/,Cloud data historians,Historian Data,,,"Compare cloud and on-premises data historians. Examine benefits and drawbacks of their impact on scalability, cost, and security. ",English,
Exploring Alternatives to Honeywell Uniformance for Data Visualization,https://www.dataparc.com/blog/exploring-alternatives-to-honeywell-uniformance/,Honeywell Uniformance Alternatives,Data Visualization/Process Manufacturing/Troubleshooting & Analysis,,,"Find Honeywell Uniformance Alternatives by comparing essential factors like integration, visualization tools, and advanced analytics.",English,
Breaking Bottlenecks: Utilizing Maximum Sustainable Rate Analysis in Manufacturing,https://www.dataparc.com/blog/breaking-bottlenecks-utilizing-maximum-sustainable-rate-analysis-in-manufacturing/,Maximum Sustainable Rate,Process Manufacturing,,,"Dive into what Maximum Sustainable Rate (MSR) analysis is, why it&#039;s important, and how it can help find and eliminate bottlenecks.",English,
Best Time-Series Databases for Third-Party Applications ,https://www.dataparc.com/blog/best-time-series-databases-for-third-party-applications/,time series databases for third party applications,Historian Data,,,"In this article, we will compare several popular time series databases and evaluate their suitability for third-party applications.",English,
What to look for in a Data Historian for Third-Party Integration,https://www.dataparc.com/blog/what-to-look-for-in-data-historian-for-third-party-integration/,historian for third-party integration,Historian Data,,,Throughout this article we will explore what to look for when choosing a historian for third-party integration.,English,
Best Pi Vision Alternatives [2025],https://www.dataparc.com/blog/best-pi-vision-alternatives/,pi vision alternatives,Process Manufacturing,,,"In this post, we will take a closer look at PI Vision, share some insights provided by current PI Vision users, and highlight PI Vision alternatives that may offer better functionality and ease of use. ",English,
The Future of Manufacturing: Digital Transformation,https://www.dataparc.com/blog/the-future-of-manufacturing-digital-transformation/,Manufacturing Digital transformation,,,,"Digital transformation is changing the manufacturing industry. It enables companies to increase productivity, make data-driven decisions and increase efficiency. In this post, we will go over the benefits of digital transformation in manufacturing, some challenges manufacturers may face and best practices.  This post will provide a foundation for your digital transformation journey.",English,
Advanced Analytics in Manufacturing: How It Compares to Operational Analytics,https://www.dataparc.com/blog/advanced-analytics-vs-operational-analytics-in-manufacturing/,Advanced Analytics in manufacturing,Dashboards & Displays/Data Visualization/Process Manufacturing/Troubleshooting & Analysis,,,"Explore how advanced analytics in manufacturing compares to operational analytics, and learn their benefits, limitations, and applications.",English,
"Mastering Operational Reviews: a Guide to DORs, WORs, &#038; MORs",https://www.dataparc.com/blog/mastering-operational-reviews-guide-to-dors-wors-mors/,Operational Reviews,Dashboards & Displays/Data Visualization,,,"Reviewing operational data and KPIs are important for daily operation and communication up to management. By conducting routine operational reviews, you will know what goals are met and what areas need more focus.",English,
Building Effective Manufacturing KPI Dashboards and Reports,https://www.dataparc.com/blog/building-effective-manufacturing-kpi-dashboards-and-reports/,Manufacturing KPI Dashboards,Dashboards & Displays/Data Visualization,,,Explore how to build manufacturing KPI dashboards for targeted audiences. Learn hour to build dashboards that are clear and easy to read.,English,
제조 데이터용 산업 데이터 플랫폼의 중요성,https://www.dataparc.com/ko/blog/industrial-data-platform/,산업 데이터 플랫폼,번역 (ko)/공정 제조,데이터 시각화/공정 제조,,,Korean,
"실시간 제조 대시보드: 설정, 중요성, 이점",https://www.dataparc.com/ko/blog/real-time-manufacturing-dashboard-setup-importance-benefits/,실시간 제조 대시보드,translate (ko)/대시보드 및 디스플레이/데이터 시각화,,,,Korean,
dataPARC frente a PI,https://www.dataparc.com/es/blog/dataparc-vs-pi/,dataparc vs PI,Visualización de datos/Datos históricos/Fabricación de procesos/traducción(es)/Solución y análisis de problemas,,,,Spanish,
Monitoreo de energía industrial en la fabricación,https://www.dataparc.com/es/blog/energy-management-manufacturing-monitoring-consumption/,control de la energía industrial,Proceso de fabricación/traducción (es),Fabricación por procesos,,,Spanish,
5 formas efectivas de reducir el tiempo de inactividad en la fabricación,https://www.dataparc.com/es/blog/5-formas-efectivas-de-reducir-el-tiempo-de-inactividad-en-la-fabricacion/,reducir el tiempo de inactividad,Cuadros de mandos y visualizadores/Visualización de datos/Fabricación de procesos/traducción(es)/Solución de problemas y análisis,,,,Spanish,
Historiador de datos: Sigue siendo la opción correcta para sus datos de fabricación,https://www.dataparc.com/es/blog/historiador-de-datos-sigue-siendo-la-opcion-correcta-para-sus-datos-de-fabricacion/,Historiador de datos,Cuadros de mandos y visualizadores/Visualización de datos/Fabricación de procesos/traducción(es)/Solución de problemas y análisis,,,,Spanish,
Soluciones gemelas digitales en la fabricación de procesos,https://www.dataparc.com/es/blog/soluciones-gemelas-digitales-en-la-fabricacion-de-procesos/,gemelo digital industria de procesos,Proceso de fabricación/traducción (es)/Sin categoría,,,,Spanish,
Importancia de una plataforma de datos industrial para los datos de fabricación,https://www.dataparc.com/es/blog/industrial-data-platform/,plataformas de datos industriales,Proceso de fabricación/traducción (es),Visualización de datos/Fabricación de procesos,,,Spanish,
Encuentre el ajuste perfecto: Elección entre historiadores de datos en las instalaciones y en la nube,https://www.dataparc.com/es/blog/choosing-between-cloud-and-on-premises-data-historians/,Historiadores de datos en la nube,Historiador Datos/traducción (es),,,,Spanish,
3 principales alternativas de PI System para recopilar y visualizar datos,https://www.dataparc.com/es/blog/top-pi-system-alternatives/,Alternativas al sistema Pi,Visualización de datos/Datos históricos/Fabricación de procesos/traducción(es)/Solución y análisis de problemas,,,,Spanish,
Gestión de energía industrial: hacer un seguimiento del uso y la eficiencia de la ganancia,https://www.dataparc.com/es/blog/industrial-energy-management-track-usage-gain-efficiency/,Gestión de la energía industrial,Cuadros de mandos y visualizadores/Visualización de datos/Fabricación de procesos/traducción (es),,,,Spanish,
"Dashboards de fabricación en tiempo real: configuración, importancia y beneficios",https://www.dataparc.com/es/blog/real-time-manufacturing-dashboard-setup-importance-benefits/,cuadros de mando de fabricación en tiempo real,Cuadros de mando y visualizaciones/Visualización de datos/traducir (es),,,,Spanish,
Las mejores alternativas de PI Vision [2025],https://www.dataparc.com/es/blog/las-mejores-alternativas-de-pi-vision-2025/,alternativas de visión pi,Proceso de fabricación/traducción (es),,,,Spanish,
Las mejores alternativas de PI ProcessBook [2025],https://www.dataparc.com/es/blog/las-mejores-alternativas-de-pi-processbook-2025/,alternativas a processbook,Proceso de fabricación/traducción (es),,,,Spanish,
Cómo mejorar la eficiencia en la fabricación en 4 pasos,https://www.dataparc.com/es/blog/improve-manufacturing-efficiency/,cómo mejorar la eficiencia de la fabricación,Cuadros de mandos y visualizadores/Visualización de datos/Fabricación de procesos/traducción(es)/Solución de problemas y análisis,,,,Spanish,
¿Qué hace que un software de visualización sea bueno para los historiadores de datos?,https://www.dataparc.com/es/blog/que-hace-que-un-software-de-visualizacion-sea-bueno-para-los-historiadores-de-datos/,software de visualización para historiadores de datos,Visualización de datos/traducción (es),Fabricación por procesos,,,Spanish,
Industrielle Energieüberwachung in der Fertigung,https://www.dataparc.com/de/blog/energy-management-manufacturing-monitoring-consumption/,industrielle Energieüberwachung,Prozessfertigung/Übersetzen (de),Prozessfertigung,,,German,
Was macht eine gute Visualisierungs-Software für Daten-Historians aus?,https://www.dataparc.com/de/blog/what-makes-good-visualization-software-for-data-historians/,Visualisierungssoftware für Datenhistoriker,Datenvisualisierung/Übersetzen (de),Prozessfertigung,,,German,
5 Effektive Möglichkeiten zur Reduzierung von Ausfallzeiten in der Fertigung,https://www.dataparc.com/de/blog/5-effective-ways-to-reduce-downtime-in-manufacturing/,Ausfallzeiten reduzieren,Dashboards & Anzeigen/Datenvisualisierung/Prozessherstellung/Übersetzen (de)/Fehlerbehebung & Analyse,,,,German,
Daten-Historian: Immer noch die richtige Wahl für Ihre Fertigungsdaten,https://www.dataparc.com/de/blog/data-historian-still-the-right-choice-for-your-manufacturing-data/,Datenhistoriker,Dashboards & Anzeigen/Datenvisualisierung/Prozessherstellung/Übersetzen (de)/Fehlerbehebung & Analyse,,,,German,
Digitaler-Zwilling-Lösungen in der Prozessfertigung,https://www.dataparc.com/de/blog/digital-twin-solutions-in-process-manufacturing/,digitaler Zwilling Prozessindustrie,Prozessfertigung/Übersetzen (de)/Uncategorized,,,,German,
Bedeutung einer industriellen Datenplattform für Fertigungsdaten,https://www.dataparc.com/de/blog/industrial-data-platform/,industrielle Datenplattformen,Prozessfertigung/Übersetzen (de),Datenvisualisierung/Prozessfertigung,,,German,
Finden Sie die richtige Lösung: Die Wahl zwischen Cloud- und Vor-Ort-Daten-Historians,https://www.dataparc.com/de/blog/choosing-between-cloud-and-on-premises-data-historians/,Cloud-Datenhistoriker,Historiker Daten/Übersetzen (de),,,,German,
3 Führende Alternativen für das PI System zum Erfassen und Visualisieren von Daten,https://www.dataparc.com/de/blog/top-pi-system-alternatives/,Pi-System-Alternativen,Datenvisualisierung/Historische Daten/Prozessherstellung/Übersetzen (de)/Fehlerbehebung & Analyse,,,,German,
Industrielles Energiemanagement: Nutzung verfolgen und Effizienz gewinnen,https://www.dataparc.com/de/blog/industrial-energy-management-track-usage-gain-efficiency/,Industrielles Energiemanagement,Dashboards & Displays/Datenvisualisierung/Prozessfertigung/übersetzen (de),,,,German,
"Echtzeit-Dashboards für die Fertigung: Einrichtung, Bedeutung und Vorteile",https://www.dataparc.com/de/blog/real-time-manufacturing-dashboard-setup-importance-benefits/,Dashboards für die Fertigung in Echtzeit,Armaturenbretter & Anzeigen/Datenvisualisierung/übersetzen (de),,,,German,
Beste Alternativen für PI Vision [2025],https://www.dataparc.com/de/blog/best-pi-vision-alternatives-2025/,pi vision Alternativen,Prozessfertigung/Übersetzen (de),,,,German,
Verbesserung der Fertigungseffizienz in 4 Schritten,https://www.dataparc.com/de/blog/improve-manufacturing-efficiency/,wie die Effizienz der Produktion verbessert werden kann,Dashboards & Anzeigen/Datenvisualisierung/Prozessherstellung/Übersetzen (de)/Fehlerbehebung & Analyse,,,,German,
Beste Alternativen für PI ProcessBook [2025],https://www.dataparc.com/de/blog/best-pi-processbook-alternatives-2025/,Prozessbuch-Alternativen,Prozessfertigung/Übersetzen (de),,,,German,
dataPARC vs PI,https://www.dataparc.com/de/blog/dataparc-vs-pi/,dataparc vs PI,Datenvisualisierung/Historische Daten/Prozessherstellung/Übersetzen (de)/Fehlerbehebung & Analyse,,,,German,
5 maneiras eficazes de reduzir o tempo de inatividade na manufatura,https://www.dataparc.com/pt/blog/5-maneiras-eficazes-de-reduzir-o-tempo-de-inatividade-na-manufatura/,reduzir o tempo de inatividade,Dashboards & Displays/Data Visualization/Process Manufacturing/translate (pt)/Troubleshooting & Analysis,,,,Portuguese,
Historiadores de Dados: Ainda a escolha certa para seus dados de fabricação,https://www.dataparc.com/pt/blog/historiadores-de-dados-ainda-a-escolha-certa-para-seus-dados-de-fabricacao/,Historiador de dados,Dashboards & Displays/Data Visualization/Process Manufacturing/translate (pt)/Troubleshooting & Analysis,,,,Portuguese,
3 principais alternativas ao PI System para coletar e visualizar dados,https://www.dataparc.com/pt/blog/top-pi-system-alternatives/,Alternativas ao sistema Pi,Visualização de dados/Dados do historiador/Fabricação de processos/Translate (pt)/Troubleshooting & Analysis,,,,Portuguese,
Melhores alternativas ao PI Vision [2025],https://www.dataparc.com/pt/blog/melhores-alternativas-ao-pi-vision-2025/,alternativas de visão pi,Manufatura de processos/traduzir (pt),,,,Portuguese,
Melhores Alternativas do PI ProcessBook [2025],https://www.dataparc.com/pt/blog/melhores-alternativas-do-pi-processbook-2025/,alternativas ao processbook,Manufatura de processos/tradução (pt),,,,Portuguese,
O que torna um bom software de visualização para historiadores de dados?,https://www.dataparc.com/pt/blog/o-que-torna-um-bom-software-de-visualizacao-para-historiadores-de-dados/,software de visualização para historiadores de dados,Visualização de dados/tradução (pt),Manufatura de processos,,,Portuguese,
Monitoramento de energia industrial na fabricação,https://www.dataparc.com/pt/blog/energy-management-manufacturing-monitoring-consumption/,monitoramento de energia industrial,Manufatura de processos/traduzir (pt),Fabricação de processos,,,Portuguese,
Soluções de gêmeos digitais na fabricação de processos,https://www.dataparc.com/pt/blog/solucoes-de-gemeos-digitais-na-fabricacao-de-processos/,indústria de processos de gêmeos digitais,Fabricação de processos/tradução (pt)/Uncategorized,,,,Portuguese,
Importância de uma plataforma de dados industriais para dados de manufatura,https://www.dataparc.com/pt/blog/industrial-data-platform/,plataformas de dados industriais,Fabricação de processos/tradução (pt),Visualização de dados/manufatura de processos,,,Portuguese,
Encontre o ajuste certo: Escolhendo entre historiadores de dados na nuvem e no local,https://www.dataparc.com/pt/blog/choosing-between-cloud-and-on-premises-data-historians/,Historiadores de dados em nuvem,Historiador de dados/traduzir (pt),,,,Portuguese,
Gerenciamento de Energia Industrial: Acompanhe o Uso e Ganhe Eficiência,https://www.dataparc.com/pt/blog/industrial-energy-management-track-usage-gain-efficiency/,Gerenciamento de energia industrial,Painéis e exibições/Visualização de dados/Manufatura de processos/traduzir,,,,Portuguese,
"Painéis de fabricação em tempo real: Configuração, importância e benefícios",https://www.dataparc.com/pt/blog/real-time-manufacturing-dashboard-setup-importance-benefits/,Painéis de manufatura em tempo real,Dashboards & Displays/Data Visualization/translate (pt),,,,Portuguese,
Como melhorar a eficiência da fabricação em 4 etapas,https://www.dataparc.com/pt/blog/improve-manufacturing-efficiency/,como melhorar a eficiência da manufatura,Dashboards & Displays/Data Visualization/Process Manufacturing/translate (pt)/Troubleshooting & Analysis,,,,Portuguese,
dataPARC vs PI,https://www.dataparc.com/pt/blog/dataparc-vs-pi/,dataparc vs PI,Data Visualization/Historian Data/Process Manufacturing/translate (pt)/Troubleshooting & Analysis,,,,Portuguese,
Unified Namespace (UNS) Explained: A Key to Industrial Data Visibility,https://www.dataparc.com/blog/unified-namespace-explained-a-key-to-industrial-data-visibility/,Unified Namespace,Data Visualization/Process Manufacturing,,,"Discover how a Unified Namespace (UNS) eliminates data silos in manufacturing by creating a real-time, structured source of truth.",English,
Yokogawa Exaquantum Alternative for Effective Data Management,https://www.dataparc.com/blog/yokogawa-exaquantum-alternative-for-data-management/,Yokogawa Exaquantum Alternative,Process Manufacturing,,,"Looking for a Yokogawa Exaquantum alternative? Learn what to look for and our recommendations for better scalability, security, and real-time insights to optimize your operations",English,
データの収集と可視化のためのPI System代替ツール、トップ3,https://www.dataparc.com/ja/blog/top-pi-system-alternatives/,,データ可視化/ヒストリアンデータ/プロセス製造/翻訳(ja)/トラブルシューティング＆分析,,,,Japanese,
自社のデータヒストリアンにぴったりのアプローチを見つける: クラウド型かオンプレミス型か,https://www.dataparc.com/ja/blog/choosing-between-cloud-and-on-premises-data-historians/,クラウドデータヒストリアン,ヒストリアン・データ/翻訳 (ja),,,,Japanese,
製造効率を上げる4つのステップ,https://www.dataparc.com/ja/blog/improve-manufacturing-efficiency/,製造効率を高める方法,ダッシュボード＆ディスプレイ/データ可視化/プロセス製造/翻訳(ja)/トラブルシューティング＆分析,,,,Japanese,
製造データのための産業用データプラットフォームの重要性,https://www.dataparc.com/ja/blog/industrial-data-platform/,産業用データプラットフォーム,プロセス製造/翻訳 (ja),データ可視化／プロセス製造,,,Japanese,
OEEデータ収集ソフトウェア: 無駄を減らし、効率を高める,https://www.dataparc.com/ja/blog/oee-data-collection-software-reduce-waste-increase-efficiency/,OEEデータ収集ソフトウェア,プロセス製造,,,,Japanese,
製造における産業用エネルギーの監視,https://www.dataparc.com/ja/blog/energy-management-manufacturing-monitoring-consumption/,産業用エネルギー監視,プロセス製造/翻訳 (ja),プロセス製造,,,Japanese,
リアルタイム製造ダッシュボード: 導入、重要性、メリット,https://www.dataparc.com/ja/blog/real-time-manufacturing-dashboards-setup-importance-and-benefits/,リアルタイム製造ダッシュボード,ダッシュボード＆ディスプレイ／データの可視化,,,,Japanese,
プロセス製造におけるデジタルツインソリューション,https://www.dataparc.com/ja/blog/digital-twin-solutions-process-manufacturing/,デジタル・ツイン・プロセス産業,プロセス製造/翻訳 (ja) /未分類,,,,Japanese,
dataPARC Recognized as a Top Work Place 2025,https://www.dataparc.com/blog/dataparc-recognized-as-top-work-place/,dataPARC Top Work Place,News,,,"dataPARC has been recognized as a top workplace in Engineering.com&#039;s workplace survey, earning a 93% overall workplace experience score.",English,
3 Key Benefits Of Plant Information Management Systems (PIMS),https://www.dataparc.com/blog/3-key-benefits-of-plant-information-management-systems-pims/,plant information management systems,Data Visualization/Process Manufacturing,Process Manufacturing,,"Discover how plant information management systems help manufacturers improve data visibility, streamline operations, and make data-driven decisions.",English,
Unified Namespace Software: Tools Manufacturers Use to Connect IT &amp; OT,https://www.dataparc.com/blog/unified-namespace-software-tools-to-connect-it-and-ot/,Unified Namespace Software,Data Visualization/Process Manufacturing,,,Explore unified namespace software for manufacturing and learn how tools like dataPARC help connect IT and OT systems for real-time data visibility.,English,
